sample_id,gt,pred,prob_0,prob_1,correct,preprocess_ms,inference_ms,total_ms,xmin,ymin,xmax,ymax
001503,1,1,0.043079,0.956921,true,30.273125,198.370416,228.643541,295,73,412,174
000093,0,0,0.591051,0.408949,true,2.459323,185.854740,188.314063,324,127,461,200
001847,0,0,0.997618,0.002382,true,1.901875,198.543541,200.445416,416,74,459,116
000955,1,0,0.948519,0.051481,false,1.834844,191.725104,193.559948,244,84,311,137
003733,1,1,0.004458,0.995542,true,1.785938,185.118073,186.904011,376,111,468,228
004420,1,0,0.332460,0.667540,false,1.736719,198.049583,199.786302,152,49,605,457
001653,1,1,0.129120,0.870880,true,1.839479,192.151146,193.990625,329,125,506,235
000339,1,1,0.029544,0.970456,true,1.735625,185.757395,187.493020,302,149,543,295
004963,1,1,0.008344,0.991656,true,3.003229,204.401563,207.404792,405,155,515,310
003036,1,1,0.016347,0.983653,true,1.727761,189.787812,191.515573,347,198,595,383
004092,1,1,0.022912,0.977088,true,1.657032,183.217500,184.874532,107,153,327,344
004147,0,0,0.999253,0.000747,true,1.833125,202.313334,204.146459,300,148,358,186
004727,1,1,0.044556,0.955444,true,1.810312,191.452344,193.262656,320,181,489,323
004326,1,1,0.034253,0.965747,true,1.673125,182.759427,184.432552,303,99,432,210
000822,1,1,0.011197,0.988803,true,1.728698,192.025781,193.754479,372,198,493,328
000349,0,1,0.072450,0.927550,false,1.815104,182.103854,183.918958,241,117,650,386
004996,1,1,0.013205,0.986795,true,5.230312,189.864687,195.094999,308,123,506,315
002811,1,1,0.087685,0.912315,true,1.637396,206.018541,207.655937,199,192,395,321
004439,1,1,0.011063,0.988937,true,1.670469,185.684375,187.354844,323,115,441,228
000415,0,1,0.174106,0.825894,false,1.790000,192.867552,194.657552,436,150,530,207
004284,1,1,0.024579,0.975421,true,1.709948,191.598594,193.308542,271,155,350,259
000153,0,0,0.995605,0.004395,true,2.839375,189.440625,192.280000,281,124,438,262
004677,1,0,0.817403,0.182597,false,1.872448,194.171719,196.044167,241,154,365,212
000779,1,1,0.023551,0.976449,true,1.795937,190.585469,192.381406,306,234,415,324
000745,1,1,0.025336,0.974664,true,1.998125,182.363750,184.361875,376,87,477,185
001261,1,1,0.012972,0.987028,true,1.720469,189.692500,191.412969,263,114,367,281
003657,1,1,0.015774,0.984226,true,1.622083,189.781094,191.403177,26,117,215,331
003302,1,1,0.046613,0.953387,true,1.788958,186.206094,187.995052,409,129,541,216
003235,1,1,0.020872,0.979128,true,1.785156,191.469636,193.254792,224,55,530,247
003545,0,0,0.998451,0.001549,true,1.727552,195.342760,197.070312,220,62,538,203
000009,0,1,0.113379,0.886621,false,1.893281,186.431875,188.325156,203,80,614,384
003323,1,1,0.038592,0.961408,true,1.731354,192.012500,193.743854,255,150,410,288
001307,1,0,0.948788,0.051212,false,1.811510,185.018907,186.830417,302,122,419,213
003527,0,0,0.831509,0.168491,true,4.332136,182.602344,186.934480,442,106,566,175
000695,1,0,0.971730,0.028270,false,1.674479,192.528177,194.202656,311,118,475,214
002088,1,1,0.014234,0.985766,true,1.697552,186.467188,188.164740,418,80,525,159
001891,1,0,0.372433,0.627567,false,1.721146,194.289218,196.010364,167,105,300,200
000788,1,0,0.283367,0.716633,false,1.748906,190.303750,192.052656,230,174,347,270
002496,1,1,0.020417,0.979583,true,1.781250,182.446406,184.227656,212,114,329,253
001462,1,1,0.004917,0.995083,true,1.640313,191.775313,193.415626,326,230,514,430
002456,0,0,0.944988,0.055012,true,2.956146,197.862396,200.818542,365,242,394,274
003040,0,1,0.015057,0.984943,false,1.992083,181.234271,183.226354,247,115,553,321
001579,1,1,0.065148,0.934852,true,1.643177,194.928958,196.572135,220,58,434,252
000046,1,1,0.019911,0.980089,true,2.179011,192.894479,195.073490,211,105,501,300
000968,1,1,0.010938,0.989062,true,1.676458,184.517604,186.194062,273,155,534,375
000846,1,1,0.020164,0.979836,true,1.670104,192.330313,194.000417,368,106,668,389
002365,0,0,0.998333,0.001667,true,1.825312,181.945625,183.770937,205,157,285,222
002829,1,1,0.179655,0.820345,true,1.734010,184.085938,185.819948,239,51,572,449
001155,1,1,0.224829,0.775171,true,1.686667,191.998385,193.685052,378,173,462,261
001716,1,0,0.659601,0.340399,false,1.782656,186.117188,187.899844,90,81,373,433
003787,1,1,0.049511,0.950489,true,1.784896,192.596562,194.381458,324,186,500,294
003559,0,0,0.996759,0.003241,true,1.795520,191.245365,193.040885,366,63,405,90
002669,1,1,0.035591,0.964409,true,1.693177,183.061198,184.754375,414,109,517,186
001482,1,1,0.007391,0.992609,true,1.626250,196.352812,197.979062,229,168,421,299
003647,1,1,0.010437,0.989563,true,1.674375,194.033438,195.707813,465,150,645,270
003952,1,1,0.026971,0.973029,true,1.659844,184.417968,186.077812,229,147,457,343
001288,1,1,0.103999,0.896001,true,1.702031,190.602135,192.304166,234,110,366,240
001049,1,1,0.099706,0.900294,true,1.905729,193.181875,195.087604,60,97,397,287
003426,1,1,0.011779,0.988221,true,1.816041,185.312968,187.129009,195,67,425,280
001153,1,1,0.046827,0.953173,true,2.015781,192.295000,194.310781,533,174,604,238
003313,1,1,0.007099,0.992901,true,1.816146,191.486406,193.302552,67,59,288,320
001549,1,1,0.004149,0.995851,true,1.709271,181.702605,183.411876,297,92,546,272
003397,1,1,0.030898,0.969102,true,1.681718,204.026146,205.707864,228,109,507,282
003092,1,1,0.009873,0.990127,true,1.682240,184.382656,186.064896,332,219,409,340
003023,1,1,0.026542,0.973458,true,1.705781,184.773437,186.479218,338,127,458,230
004570,1,0,0.698501,0.301499,false,1.636458,192.876562,194.513020,293,139,507,268
001368,1,1,0.007091,0.992909,true,1.710416,181.904843,183.615259,431,172,561,288
000387,0,0,0.943322,0.056678,true,1.638021,193.682656,195.320677,109,81,307,208
002956,0,0,0.883868,0.116132,true,1.755261,195.250208,197.005469,280,158,311,188
004712,0,0,0.893595,0.106405,true,1.808385,182.893750,184.702135,215,101,485,254
000756,1,1,0.009288,0.990712,true,1.760625,195.292031,197.052656,154,178,212,279
000689,1,1,0.011120,0.988880,true,1.681406,193.750624,195.432030,333,53,501,199
004668,0,1,0.029164,0.970836,false,1.703594,183.026094,184.729688,184,127,244,192
004013,1,0,0.461986,0.538014,false,1.828959,191.647344,193.476303,382,138,545,254
003741,1,1,0.021237,0.978763,true,1.848438,192.383646,194.232084,373,95,440,184
004650,0,0,0.975582,0.024418,true,1.726719,182.422083,184.148802,255,161,448,250
002306,1,1,0.019456,0.980544,true,1.944375,193.000938,194.945313,471,111,583,206
001021,1,1,0.011527,0.988473,true,1.958229,184.552656,186.510885,410,246,474,339
001491,1,1,0.056149,0.943851,true,2.046458,184.623646,186.670104,402,82,473,139
002448,1,1,0.022814,0.977186,true,1.669375,192.153437,193.822812,310,284,376,367
000537,0,0,0.999041,0.000959,true,1.664219,187.012187,188.676406,197,106,316,215
003154,1,1,0.115033,0.884967,true,1.616354,196.052968,197.669322,324,57,506,234
003817,1,1,0.013196,0.986804,true,1.686146,196.732761,198.418907,369,81,694,279
001241,1,1,0.091416,0.908584,true,1.804531,182.432605,184.237136,426,239,511,311
002660,1,0,0.976636,0.023364,false,1.679688,193.743281,195.422969,297,166,370,237
002966,0,0,0.999889,0.000111,true,1.756406,192.957187,194.713593,398,126,422,155
004105,0,0,0.985932,0.014068,true,1.684531,184.331042,186.015573,126,59,433,212
000222,1,0,0.380480,0.619520,false,1.696094,192.689375,194.385469,359,108,558,274
002662,1,1,0.011887,0.988113,true,1.833437,191.936510,193.769947,311,44,469,230
002939,0,0,0.998413,0.001587,true,1.649323,182.226875,183.876198,209,163,280,226
000797,1,1,0.029836,0.970164,true,1.771719,190.093437,191.865156,286,251,372,367
001347,1,1,0.039666,0.960334,true,1.710209,186.222344,187.932553,411,184,456,252
001229,1,1,0.036693,0.963307,true,1.905573,183.331406,185.236979,353,84,467,173
001215,1,0,0.838090,0.161910,false,1.689219,192.972656,194.661875,265,106,300,147
004102,1,1,0.016533,0.983467,true,1.641875,182.499427,184.141302,194,157,360,284
000988,1,0,0.897749,0.102251,false,3.062240,190.327136,193.389376,93,232,157,282
004176,1,1,0.024470,0.975530,true,1.995469,193.130990,195.126459,332,84,480,210
003632,1,1,0.057517,0.942483,true,2.563750,183.601094,186.164844,247,95,370,198
002780,1,0,0.552717,0.447283,false,1.628334,195.042708,196.671042,184,105,552,459
000890,1,1,0.026968,0.973032,true,1.815417,192.724063,194.539480,341,47,454,142
003172,1,1,0.017876,0.982124,true,1.738906,182.868959,184.607865,366,93,438,188
004094,1,1,0.021307,0.978693,true,1.666875,191.826927,193.493802,282,145,478,294
001858,0,0,0.999881,0.000119,true,1.693646,190.743906,192.437552,428,248,554,314
004438,1,1,0.007522,0.992478,true,1.655469,183.595625,185.251094,303,107,456,225
002212,0,0,0.988770,0.011230,true,1.685208,190.677187,192.362395,409,123,487,179
002166,1,1,0.014837,0.985163,true,1.676354,191.452031,193.128385,309,93,463,206
000541,0,0,0.997426,0.002574,true,1.895885,193.890729,195.786614,453,264,546,303
004299,1,1,0.163818,0.836182,true,1.720156,192.298646,194.018802,316,125,370,230
000154,0,0,0.597889,0.402111,true,1.689062,182.678802,184.367864,253,131,411,229
001597,1,1,0.016512,0.983488,true,1.681667,181.118854,182.800521,404,57,645,214
004417,1,1,0.008659,0.991341,true,1.743281,194.668907,196.412188,158,97,290,246
003169,1,1,0.015349,0.984651,true,1.838750,182.185468,184.024218,307,114,454,235
002724,1,1,0.028510,0.971490,true,1.745833,196.759219,198.505052,223,74,386,200
003663,1,1,0.069282,0.930718,true,1.567292,190.906094,192.473386,244,100,525,255
000244,0,1,0.020528,0.979472,false,1.851875,184.142760,185.994635,310,165,441,264
001834,0,0,0.999949,0.000051,true,1.713489,191.838437,193.551926,157,93,228,137
001365,1,1,0.023164,0.976836,true,1.853750,198.462292,200.316042,280,179,356,275
002678,1,1,0.009873,0.990126,true,1.739010,187.106042,188.845052,289,99,568,281
002916,0,0,0.871717,0.128283,true,1.666563,191.765781,193.432344,321,144,425,206
002435,0,0,0.654603,0.345397,true,1.682135,189.927813,191.609948,337,221,396,281
002364,0,0,0.806014,0.193986,true,1.655729,185.864531,187.520260,325,148,463,274
004549,1,1,0.059363,0.940637,true,1.815156,196.656094,198.471250,186,191,241,261
000690,1,1,0.070550,0.929450,true,1.685885,184.888438,186.574323,292,130,428,232
003119,1,1,0.010699,0.989301,true,1.787240,193.673802,195.461042,409,171,546,312
003401,1,1,0.047948,0.952052,true,1.843855,193.467656,195.311511,333,130,400,203
004049,1,1,0.034305,0.965695,true,1.710365,187.146302,188.856667,295,74,440,178
003683,1,1,0.020871,0.979129,true,1.701407,192.265312,193.966719,232,116,353,226
003079,1,0,0.365804,0.634196,false,1.799219,191.981927,193.781146,193,98,362,210
000649,0,0,0.473210,0.526790,true,1.748698,183.832188,185.580886,372,118,502,203
003888,1,1,0.015577,0.984423,true,1.813073,191.084531,192.897604,392,81,498,159
002883,0,0,0.989318,0.010682,true,1.690312,190.575938,192.266250,368,224,441,264
003830,1,1,0.013683,0.986317,true,1.886094,185.052552,186.938646,315,140,436,294
003329,1,1,0.025259,0.974741,true,1.712656,192.267344,193.980000,95,57,327,219
000793,0,0,0.928151,0.071849,true,1.694375,182.774843,184.469218,363,135,412,188
004200,1,1,0.044033,0.955967,true,4.152188,187.588958,191.741146,86,194,374,381
004890,1,1,0.045353,0.954647,true,2.876875,206.630938,209.507813,292,117,370,176
004594,1,1,0.004585,0.995415,true,1.694844,182.667395,184.362239,329,147,437,263
001957,1,1,0.025260,0.974740,true,1.870104,193.655938,195.526042,195,149,260,224
004959,1,1,0.016808,0.983192,true,1.778854,191.485729,193.264583,158,83,394,259
000483,1,1,0.133174,0.866826,true,1.640781,185.360677,187.001458,271,67,452,210
002959,0,0,0.965925,0.034075,true,1.658177,191.507812,193.165989,411,329,456,373
002374,0,0,0.951865,0.048135,true,1.818594,188.952187,190.770781,358,58,497,134
001695,1,1,0.020387,0.979613,true,1.719167,182.188281,183.907448,1,71,718,472
003808,1,1,0.028959,0.971041,true,1.609114,192.938594,194.547708,368,167,446,223
001762,1,1,0.187685,0.812315,true,1.733542,201.044115,202.777657,331,111,551,201
003261,1,1,0.017783,0.982217,true,1.690990,183.295313,184.986303,410,125,491,206
002751,1,1,0.110057,0.889943,true,1.570625,192.257447,193.828072,142,71,341,177
000900,1,1,0.013878,0.986122,true,1.790104,183.900625,185.690729,260,90,571,343
002578,1,1,0.023336,0.976664,true,1.653750,194.635938,196.289688,305,226,406,308
002193,1,1,0.054385,0.945615,true,1.785781,191.721666,193.507447,148,151,227,237
001766,0,1,0.031090,0.968910,false,1.810052,187.836093,189.646145,318,121,434,204
001879,0,0,0.996524,0.003476,true,1.691719,193.046406,194.738125,323,79,496,237
000161,0,0,0.675476,0.324524,true,1.800782,203.826979,205.627761,382,154,419,202
002807,1,1,0.008175,0.991825,true,1.705417,185.100521,186.805938,284,180,463,364
002225,1,1,0.026576,0.973424,true,3.010052,199.850625,202.860677,259,134,378,283
000762,1,0,0.929284,0.070716,false,1.961042,194.185312,196.146354,309,161,366,219
004126,0,0,0.277635,0.722365,true,1.695469,185.761563,187.457032,271,164,454,259
004521,1,1,0.011866,0.988134,true,1.720156,191.833385,193.553541,188,63,325,192
003004,1,1,0.021852,0.978148,true,1.853646,192.405677,194.259323,291,192,346,251
001583,1,1,0.008436,0.991564,true,1.637240,181.777760,183.415000,203,172,454,332
000183,1,0,0.292842,0.707158,false,1.979063,194.034635,196.013698,130,118,546,409
003853,1,1,0.044070,0.955930,true,1.631822,185.335312,186.967134,220,130,331,229
002697,1,1,0.036280,0.963720,true,3.974062,183.941093,187.915155,281,108,353,200
001096,1,1,0.114693,0.885307,true,1.850885,197.074167,198.925052,244,299,357,376
002005,1,1,0.015066,0.984933,true,1.763907,181.832187,183.596094,322,146,411,254
000750,1,1,0.017078,0.982922,true,2.593385,196.989947,199.583332,158,39,468,248
002744,1,1,0.038808,0.961192,true,1.717500,190.500573,192.218073,102,37,387,280
002604,1,1,0.027156,0.972844,true,1.911719,182.776302,184.688021,466,127,601,195
001283,1,1,0.063616,0.936384,true,1.816197,189.938906,191.755103,238,108,290,173
001122,1,1,0.025858,0.974142,true,1.890156,191.775312,193.665468,200,154,304,238
003806,1,1,0.042485,0.957515,true,1.659375,183.196094,184.855469,331,223,402,319
004151,0,0,0.998596,0.001404,true,1.654218,191.198125,192.852343,307,247,405,295
000190,0,0,0.332301,0.667699,true,1.719896,188.718542,190.438438,151,185,475,443
000123,0,0,0.871928,0.128072,true,2.825156,182.840468,185.665624,423,196,500,256
002836,1,1,0.018752,0.981248,true,1.827343,192.756094,194.583437,362,161,477,268
001601,1,1,0.009751,0.990249,true,1.628854,182.559375,184.188229,337,107,559,267
004670,0,1,0.182170,0.817830,false,1.650781,194.665469,196.316250,202,230,354,340
003958,1,1,0.022899,0.977101,true,1.593698,193.110468,194.704166,293,59,386,134
001769,0,0,0.960914,0.039086,true,2.038073,183.614844,185.652917,337,198,418,230
000174,0,1,0.194098,0.805902,false,1.597657,191.266094,192.863751,131,119,313,272
004395,1,1,0.098690,0.901310,true,1.686667,191.990104,193.676771,195,160,292,226
003471,0,0,0.959036,0.040964,true,1.720521,186.280781,188.001302,357,210,433,279
003383,1,1,0.121221,0.878779,true,1.870000,205.003489,206.873489,321,258,562,381
001278,1,1,0.011889,0.988111,true,1.727343,192.782761,194.510104,149,189,282,321
004671,0,0,0.740558,0.259442,true,1.669844,182.844375,184.514219,243,139,550,328
001751,0,0,0.994921,0.005079,true,3.545729,191.530000,195.075729,310,74,365,113
000841,1,1,0.007253,0.992747,true,1.847188,191.805208,193.652396,296,137,401,266
001253,1,1,0.110160,0.889840,true,1.899375,183.335624,185.234999,373,106,465,194
002503,1,1,0.196743,0.803257,true,1.659687,193.084271,194.743958,370,129,518,243
004807,1,0,0.302112,0.697888,false,1.730729,184.296250,186.026979,213,157,329,245
004250,1,1,0.005392,0.994608,true,1.725625,192.976718,194.702343,412,91,611,217
001446,1,0,0.735912,0.264088,false,1.706875,192.370521,194.077396,376,88,530,184
003338,1,1,0.013816,0.986184,true,3.098073,191.995000,195.093073,171,149,271,232
003717,1,1,0.004642,0.995358,true,1.722188,192.175989,193.898177,316,171,437,341
003456,0,0,0.596153,0.403847,true,1.734375,196.370677,198.105052,99,139,279,267
002621,1,0,0.270054,0.729946,false,1.679792,182.860260,184.540052,270,48,354,113
002130,1,1,0.067435,0.932565,true,1.741719,192.631354,194.373073,386,110,461,198
003475,0,0,0.992410,0.007590,true,1.613438,194.299635,195.913073,337,160,397,207
001687,1,1,0.113123,0.886877,true,1.679583,183.340573,185.020156,319,241,381,309
001638,1,1,0.020990,0.979010,true,1.683542,191.204687,192.888229,285,140,362,214
003990,1,1,0.020709,0.979291,true,1.705000,184.686822,186.391822,320,78,449,224
000818,1,1,0.020715,0.979285,true,4.033020,183.731771,187.764791,323,139,438,230
004404,1,1,0.033869,0.966131,true,1.747500,191.006458,192.753958,14,50,356,408
002396,0,0,0.999124,0.000876,true,1.770156,182.581771,184.351927,382,123,413,161
004063,1,1,0.019280,0.980720,true,1.769583,193.895000,195.664583,357,193,442,267
001807,0,0,0.999156,0.000844,true,1.982448,197.379531,199.361979,82,185,131,216
003882,1,0,0.341011,0.658989,false,1.603178,185.344427,186.947605,422,140,650,325
004510,1,1,0.016998,0.983002,true,1.714531,193.151614,194.866145,211,202,366,320
003360,1,1,0.037909,0.962091,true,1.712500,195.703438,197.415938,228,73,320,176
000169,0,0,0.983425,0.016575,true,1.803907,183.791979,185.595886,323,158,421,237
000076,1,1,0.020174,0.979826,true,1.877344,194.896354,196.773698,149,165,262,301
002985,1,1,0.033908,0.966092,true,2.215469,192.695573,194.911042,322,159,426,234
001064,1,0,0.273068,0.726932,false,1.887031,190.690989,192.578020,256,160,365,262
002882,0,1,0.181647,0.818353,false,1.804219,189.170156,190.974375,352,254,394,298
000785,1,1,0.016945,0.983055,true,1.762396,185.894531,187.656927,388,94,558,220
001154,1,0,0.929548,0.070452,false,2.675209,185.690156,188.365365,469,173,558,242
004170,1,1,0.011173,0.988827,true,1.743385,193.360937,195.104322,402,65,563,217
004437,1,1,0.013085,0.986915,true,1.777500,189.522083,191.299583,221,113,313,216
000957,1,0,0.585074,0.414926,false,1.758802,193.719687,195.478489,445,142,543,230
002261,1,1,0.031313,0.968687,true,1.851250,192.646822,194.498072,174,264,378,431
001264,1,1,0.065358,0.934642,true,1.831459,186.517031,188.348490,219,53,402,203
003917,1,1,0.015688,0.984312,true,1.903854,194.094375,195.998229,507,110,591,196
003963,1,1,0.009410,0.990590,true,1.817032,193.237343,195.054375,290,76,540,272
003485,0,0,0.441667,0.558333,true,1.992343,185.817083,187.809426,378,191,453,239
001094,1,1,0.047734,0.952266,true,1.785989,196.215313,198.001302,472,343,537,404
001898,0,0,0.998746,0.001254,true,1.780625,192.600989,194.381614,498,135,537,172
003541,0,1,0.058236,0.941764,false,1.748750,183.651250,185.400000,216,224,341,305
001999,1,1,0.030414,0.969586,true,1.974011,191.683750,193.657761,266,198,347,268
001876,1,1,0.098145,0.901855,true,1.835885,182.228750,184.064635,267,135,395,230
002791,0,0,0.924012,0.075988,true,3.694375,185.380468,189.074843,79,105,542,360
001773,0,0,0.878050,0.121950,true,2.936302,193.106875,196.043177,306,158,386,214
002830,1,1,0.011538,0.988462,true,1.783594,186.551771,188.335365,228,145,410,301
002062,1,1,0.005214,0.994786,true,1.896563,196.197083,198.093646,143,91,430,297
004431,1,1,0.008358,0.991642,true,1.706250,194.595365,196.301615,203,89,362,223
002215,0,0,0.994256,0.005744,true,1.787552,188.364271,190.151823,416,105,479,158
002610,0,0,0.810524,0.189476,true,1.915260,193.467188,195.382448,198,131,283,235
002084,1,1,0.043219,0.956781,true,1.853281,193.344948,195.198229,430,141,592,256
000908,1,1,0.046890,0.953110,true,1.816563,185.106250,186.922813,364,116,407,183
001176,1,1,0.018215,0.981785,true,1.835468,200.964688,202.800156,368,148,445,272
004999,1,1,0.056718,0.943282,true,1.838594,193.022344,194.860938,277,223,388,332
002082,1,1,0.012935,0.987065,true,1.802239,184.703386,186.505625,231,91,463,233
001224,1,1,0.013501,0.986499,true,1.974844,193.669427,195.644271,257,179,341,276
004046,1,1,0.027181,0.972818,true,1.755938,192.856042,194.611980,233,41,401,286
000363,0,0,0.948460,0.051540,true,1.851250,188.304219,190.155469,90,86,635,391
004792,1,1,0.020797,0.979203,true,1.851406,193.859531,195.710937,140,64,408,210
004509,1,1,0.007876,0.992124,true,1.828594,186.431093,188.259687,370,226,565,391
003312,0,1,0.153438,0.846562,false,1.833750,193.748907,195.582657,297,89,574,239
001284,1,1,0.024037,0.975963,true,1.823906,197.745469,199.569375,241,163,386,284
000845,1,1,0.029331,0.970669,true,1.782500,192.303230,194.085730,289,102,637,352
000880,1,1,0.018554,0.981446,true,3.401614,196.140833,199.542447,285,102,364,227
004355,1,1,0.026019,0.973981,true,1.847292,196.521875,198.369167,361,68,500,209
004380,1,1,0.069011,0.930989,true,1.731666,192.480052,194.211718,143,49,610,357
004808,1,1,0.056141,0.943859,true,1.791510,193.657031,195.448541,187,175,256,258
004565,1,1,0.036181,0.963819,true,1.769532,192.844844,194.614376,244,117,400,232
001948,1,1,0.033199,0.966801,true,1.822916,182.390885,184.213801,492,200,561,268
000798,1,1,0.060036,0.939964,true,1.804218,192.887083,194.691301,303,109,378,172
001014,1,1,0.042581,0.957420,true,1.909375,191.664010,193.573385,419,107,468,159
003881,1,1,0.068888,0.931112,true,2.986562,191.637292,194.623854,369,114,590,312
001521,1,1,0.018334,0.981666,true,1.952813,202.034687,203.987500,176,61,579,283
002044,1,1,0.038506,0.961494,true,1.943281,200.506615,202.449896,350,92,485,221
000855,1,1,0.026729,0.973271,true,1.715365,186.974583,188.689948,257,175,332,284
002847,1,1,0.065019,0.934981,true,1.864948,193.123750,194.988698,229,83,343,161
003356,1,1,0.063627,0.936373,true,1.755937,184.959115,186.715052,181,126,259,210
004451,1,0,0.300579,0.699421,false,1.791458,184.256197,186.047655,510,134,634,230
004235,1,1,0.004756,0.995244,true,1.989688,200.585729,202.575417,264,121,417,258
001839,1,1,0.014930,0.985070,true,1.630938,185.578958,187.209896,410,126,593,271
000710,1,1,0.021346,0.978654,true,1.685781,193.987709,195.673490,128,42,289,154
002242,1,1,0.003500,0.996500,true,1.870208,195.595156,197.465364,292,153,421,315
003204,1,1,0.027180,0.972820,true,2.102657,187.189844,189.292501,225,135,400,314
002581,1,1,0.049573,0.950427,true,1.773698,193.488907,195.262605,228,18,371,133
000852,1,0,0.789701,0.210299,false,3.066771,194.866146,197.932917,433,271,486,352
004766,1,1,0.011744,0.988256,true,1.920938,186.423125,188.344063,216,127,414,300
004062,1,1,0.021981,0.978019,true,2.027187,194.180781,196.207968,336,165,397,253
004973,1,1,0.019378,0.980622,true,1.957188,195.854167,197.811355,152,72,271,159
004060,1,1,0.024117,0.975883,true,1.984844,192.919531,194.904375,144,164,425,445
001674,1,1,0.032091,0.967909,true,1.933594,193.447344,195.380938,407,130,504,224
001146,1,1,0.024233,0.975767,true,2.017865,194.027396,196.045261,340,70,437,148
004580,1,1,0.027462,0.972538,true,1.900469,194.039948,195.940417,135,86,293,199
004497,1,1,0.007816,0.992184,true,1.814792,196.145312,197.960104,492,155,601,266
002180,1,1,0.142250,0.857750,true,1.869167,191.638385,193.507552,363,195,516,297
004746,1,1,0.041251,0.958749,true,2.527083,185.889479,188.416562,257,58,410,150
001620,1,0,0.798783,0.201217,false,3.046250,195.745833,198.792083,376,191,450,299
001965,1,1,0.127590,0.872410,true,1.848490,185.905208,187.753698,299,189,353,242
002722,1,1,0.009061,0.990939,true,1.815000,184.371563,186.186563,372,129,512,268
003547,0,0,0.982595,0.017405,true,2.702135,193.482448,196.184583,188,146,372,282
004412,1,1,0.070663,0.929337,true,1.959947,184.658437,186.618384,264,140,321,199
001942,0,0,0.998086,0.001914,true,1.942969,195.974115,197.917084,212,71,365,169
000001,0,0,0.930503,0.069497,true,3.324584,201.839531,205.164115,223,90,286,131
002701,1,1,0.016528,0.983472,true,1.841093,184.179323,186.020416,327,188,417,313
002623,0,0,0.399817,0.600183,true,1.898750,193.101823,195.000573,275,52,351,115
001983,1,1,0.113313,0.886687,true,1.827240,192.249688,194.076928,121,85,541,441
003273,1,1,0.009045,0.990955,true,1.693698,182.892188,184.585886,291,135,497,324
004388,1,1,0.032085,0.967915,true,1.742969,196.538750,198.281719,304,126,559,288
000147,1,0,0.809788,0.190212,false,1.800261,195.969063,197.769324,213,115,311,197
001387,1,0,0.582121,0.417879,false,1.813906,186.103593,187.917499,185,70,275,124
000323,0,0,0.997691,0.002309,true,1.798438,194.374427,196.172865,102,108,580,426
001556,0,0,0.857095,0.142905,true,2.992500,201.370833,204.363333,202,62,260,111
002367,0,0,0.903218,0.096782,true,1.824844,184.776094,186.600938,397,117,514,189
001771,0,0,0.999292,0.000708,true,1.875937,197.824271,199.700208,196,191,245,232
003758,0,1,0.183566,0.816434,false,1.817813,190.763698,192.581511,189,133,319,215
000714,1,1,0.016258,0.983742,true,2.004375,185.038437,187.042812,357,126,416,204
003712,1,1,0.067483,0.932517,true,1.788386,195.729479,197.517865,183,172,297,252
003075,1,1,0.016644,0.983356,true,1.958438,187.486667,189.445105,340,135,446,222
002996,1,1,0.015024,0.984976,true,1.777083,197.047188,198.824271,204,97,282,164
001618,1,1,0.016953,0.983046,true,1.919531,194.012969,195.932500,284,240,392,336
001671,1,1,0.030327,0.969673,true,2.469947,185.480105,187.950052,88,144,169,236
000842,1,1,0.003995,0.996005,true,2.546771,203.831667,206.378438,380,164,520,377
002863,0,0,0.965627,0.034373,true,1.807396,197.516823,199.324219,266,211,443,328
001272,1,1,0.176218,0.823782,true,1.848333,188.102239,189.950572,380,121,448,200
004456,1,1,0.003202,0.996798,true,1.887500,195.108750,196.996250,251,102,366,254
004637,1,1,0.008521,0.991479,true,1.967813,191.847031,193.814844,110,75,457,301
001871,0,0,0.947283,0.052717,true,2.859167,184.256563,187.115730,283,181,346,252
001615,1,1,0.238110,0.761890,true,1.910625,194.436875,196.347500,234,223,346,299
002294,1,1,0.035883,0.964117,true,1.869844,195.950365,197.820209,443,98,535,181
001587,1,1,0.005967,0.994033,true,1.740260,186.479896,188.220156,392,129,549,278
004636,1,1,0.013999,0.986001,true,1.859531,193.026563,194.886094,109,88,522,305
001677,1,1,0.026267,0.973733,true,2.020469,191.811875,193.832344,409,164,502,251
003090,1,1,0.132559,0.867441,true,1.931615,185.978854,187.910469,289,81,371,135
001918,0,1,0.196155,0.803845,false,1.761719,194.721458,196.483177,238,182,402,284
004110,0,0,0.992221,0.007779,true,2.787865,191.120052,193.907917,326,145,446,214
001411,1,1,0.090684,0.909316,true,3.244010,184.854323,188.098333,308,79,663,292
004310,1,1,0.015282,0.984718,true,1.839948,191.679062,193.519010,233,61,396,151
004078,0,0,0.994098,0.005902,true,1.994635,184.947344,186.941979,269,173,330,212
002577,1,1,0.018722,0.981278,true,6.028958,197.285209,203.314167,278,224,366,320
004801,1,1,0.011029,0.988971,true,1.747812,194.777500,196.525312,304,208,487,421
002026,1,1,0.022956,0.977044,true,3.021197,193.253541,196.274738,264,109,469,233
002099,1,0,0.508181,0.491819,false,3.995052,190.995417,194.990469,294,220,588,375
004136,0,0,0.477057,0.522943,true,1.770625,193.721406,195.492031,121,46,517,219
002889,0,1,0.096742,0.903257,false,1.803073,184.999167,186.802240,279,75,426,187
003054,1,1,0.008159,0.991841,true,1.934010,193.158282,195.092292,275,73,430,199
001819,0,0,0.363115,0.636885,true,1.920312,195.386510,197.306822,261,195,508,324
003106,1,1,0.045898,0.954102,true,1.778958,183.302812,185.081770,228,202,288,264
001603,1,1,0.070889,0.929111,true,1.744167,195.344844,197.089011,164,38,674,319
004168,1,1,0.013124,0.986876,true,1.782812,197.144114,198.926926,419,288,537,409
004730,1,1,0.033059,0.966941,true,1.828229,194.386875,196.215104,164,145,340,234
004638,1,1,0.011543,0.988457,true,2.050104,197.683959,199.734063,164,135,370,267
003122,1,1,0.009226,0.990774,true,2.025677,198.603854,200.629531,179,73,294,145
004287,1,1,0.013678,0.986322,true,2.024531,186.433593,188.458124,288,135,433,262
003505,1,1,0.048620,0.951380,true,1.961094,195.170000,197.131094,327,234,411,302
003730,1,1,0.247507,0.752493,true,1.831250,193.579531,195.410781,300,243,404,328
002277,1,1,0.088823,0.911177,true,1.806511,184.443281,186.249792,172,218,222,290
004487,1,1,0.018732,0.981268,true,1.723125,194.160625,195.883750,336,207,454,292
003115,0,0,0.966365,0.033635,true,1.795157,184.714270,186.509427,244,156,345,210
004916,1,1,0.024755,0.975245,true,4.088333,191.111875,195.200208,323,89,444,175
000400,0,0,0.953260,0.046740,true,2.831927,198.492292,201.324219,393,95,446,151
004660,1,0,0.413135,0.586865,false,1.955885,187.385312,189.341197,127,89,441,304
001951,1,1,0.015321,0.984679,true,1.860156,194.533959,196.394115,288,110,386,215
004081,0,0,0.959721,0.040279,true,1.937344,194.258906,196.196250,493,303,551,336
000455,0,0,0.540652,0.459348,true,1.910052,184.504062,186.414114,352,66,494,164
002513,1,1,0.013003,0.986997,true,1.961094,194.789218,196.750312,218,52,308,168
004742,1,1,0.052660,0.947340,true,1.844375,199.073594,200.917969,175,63,281,156
002128,0,0,0.779723,0.220277,true,1.800468,185.914687,187.715155,331,84,427,193
001300,1,0,0.882405,0.117595,false,1.820625,192.975625,194.796250,136,79,360,284
002813,1,1,0.248299,0.751701,true,2.957709,193.905312,196.863021,249,117,322,192
001528,1,1,0.017092,0.982908,true,1.796562,183.707500,185.504062,531,81,648,196
000702,1,1,0.015087,0.984913,true,1.979844,195.065729,197.045573,181,239,268,369
000513,1,1,0.094035,0.905965,true,1.875469,191.907604,193.783073,227,60,394,212
002382,0,0,0.997652,0.002348,true,1.878073,184.696250,186.574323,241,144,378,222
002004,1,1,0.021038,0.978962,true,1.883750,193.917084,195.800834,364,143,441,245
000941,1,1,0.097671,0.902329,true,3.039479,184.276146,187.315625,397,190,518,275
004400,1,1,0.009112,0.990888,true,1.933282,198.524271,200.457553,365,95,582,291
000512,1,1,0.035160,0.964840,true,1.775417,197.103281,198.878698,178,53,404,203
004289,1,1,0.016113,0.983887,true,1.941979,186.005156,187.947135,229,137,568,384
003238,1,1,0.026989,0.973011,true,3.035729,203.679687,206.715416,255,38,485,268
001823,0,0,0.998916,0.001084,true,2.038698,194.258906,196.297604,126,124,183,162
001763,0,0,0.847041,0.152959,true,1.791510,185.127605,186.919115,339,59,566,196
001519,1,1,0.098294,0.901706,true,1.748907,193.267656,195.016563,248,138,374,219
002571,1,1,0.014515,0.985485,true,1.971562,193.747343,195.718905,350,137,454,234
002429,0,0,0.993472,0.006528,true,1.797500,186.791406,188.588906,405,165,456,210
001093,1,1,0.034190,0.965810,true,1.861406,195.347344,197.208750,353,352,441,432
000223,1,1,0.259096,0.740904,true,1.767865,192.357135,194.125000,259,110,464,273
002326,1,1,0.080041,0.919959,true,1.891146,183.861093,185.752239,238,140,322,190
001746,1,1,0.001978,0.998022,true,1.890521,195.050625,196.941146,401,141,602,347
002515,1,1,0.099725,0.900275,true,1.866979,191.732344,193.599323,270,110,393,204
004589,1,1,0.143814,0.856186,true,3.036666,192.210781,195.247447,139,107,610,408
002362,0,1,0.063932,0.936068,false,1.842656,192.244323,194.086979,520,180,586,254
001789,1,1,0.013802,0.986198,true,1.856250,203.710781,205.567031,387,155,526,329
004382,1,1,0.013611,0.986389,true,1.675312,186.825313,188.500625,106,42,440,448
001280,1,1,0.004107,0.995893,true,1.764479,193.879844,195.644323,195,155,309,284
002686,1,1,0.036646,0.963354,true,1.847812,187.731406,189.579218,285,94,380,188
001985,1,1,0.034911,0.965089,true,3.464219,185.755260,189.219479,228,68,468,249
003474,1,1,0.029154,0.970846,true,1.969895,193.749635,195.719530,271,127,370,207
000366,0,1,0.193934,0.806066,false,3.195833,190.279531,193.475364,500,188,569,252
004993,1,1,0.009718,0.990282,true,1.902344,195.833906,197.736250,236,192,370,329
004322,1,1,0.020486,0.979514,true,1.832656,194.204480,196.037136,463,177,547,269
001270,1,1,0.106421,0.893579,true,1.911406,183.288073,185.199479,149,179,327,332
002290,1,1,0.004426,0.995574,true,1.778906,195.536094,197.315000,174,79,424,264
003187,1,1,0.016805,0.983195,true,1.776771,192.898594,194.675365,301,149,415,282
000914,1,1,0.026237,0.973763,true,1.797969,184.099636,185.897605,273,51,416,195
002771,1,1,0.031763,0.968237,true,1.814011,194.202448,196.016459,282,130,442,246
003597,1,1,0.052591,0.947409,true,1.920781,194.369739,196.290520,312,83,570,214
001481,1,1,0.016678,0.983322,true,1.925573,188.939322,190.864895,209,207,326,289
000224,0,1,0.032681,0.967319,false,1.914167,196.591771,198.505938,270,186,408,303
000460,0,0,0.993011,0.006989,true,1.841563,198.044323,199.885886,223,123,354,188
002945,1,1,0.014385,0.985615,true,1.797812,186.501093,188.298905,131,75,365,264
002521,1,1,0.015290,0.984710,true,1.738958,195.990312,197.729270,425,125,650,298
001966,1,1,0.083561,0.916439,true,1.754740,189.285468,191.040208,259,10,430,94
000809,1,1,0.030964,0.969036,true,1.986875,186.179427,188.166302,449,250,547,367
001712,1,1,0.019284,0.980716,true,1.733750,194.686927,196.420677,363,180,563,343
002275,1,1,0.008051,0.991949,true,1.779479,187.861667,189.641146,283,158,444,281
002730,1,1,0.010140,0.989860,true,3.557448,196.092291,199.649739,344,158,512,313
001435,0,0,0.966828,0.033172,true,1.944739,206.717395,208.662134,276,119,369,184
002335,1,1,0.016701,0.983299,true,2.062031,185.582396,187.644427,188,78,570,349
000545,0,0,0.998533,0.001467,true,1.828229,194.788542,196.616771,251,200,301,238
001242,1,1,0.013711,0.986289,true,1.750521,197.757031,199.507552,187,75,326,180
001928,0,0,0.999764,0.000236,true,1.846250,183.814114,185.660364,457,138,488,167
000459,0,0,0.998716,0.001284,true,1.786719,199.378333,201.165052,179,93,212,115
001436,1,0,0.934833,0.065167,false,1.828333,198.038124,199.866457,255,107,369,200
001214,1,1,0.013212,0.986788,true,1.768750,187.505625,189.274375,248,233,346,324
004640,1,1,0.042108,0.957892,true,1.692813,196.733541,198.426354,309,142,412,251
002248,1,1,0.072729,0.927271,true,1.751927,199.087292,200.839219,330,165,404,276
004628,0,1,0.072201,0.927799,false,3.799428,184.574791,188.374219,287,210,425,310
004693,0,0,0.972232,0.027768,true,1.777344,199.730781,201.508125,235,69,337,125
004491,1,1,0.004320,0.995680,true,1.822500,198.163542,199.986042,402,158,494,275
000691,1,1,0.023973,0.976027,true,1.893437,189.416823,191.310260,231,69,344,160
003649,1,1,0.031111,0.968889,true,1.869479,195.842812,197.712291,291,94,550,271
001359,1,1,0.023612,0.976388,true,1.734427,192.773334,194.507761,341,180,513,374
000433,0,0,0.995259,0.004741,true,1.750521,185.809271,187.559792,435,172,480,211
000195,1,0,0.516381,0.483619,false,1.832604,198.532813,200.365417,204,84,610,332
001304,1,1,0.018101,0.981899,true,1.841250,185.158230,186.999480,29,116,338,349
001535,1,1,0.143895,0.856105,true,7.286406,199.205937,206.492343,215,122,364,231
004236,1,1,0.009657,0.990343,true,2.384375,195.190104,197.574479,130,126,283,238
001788,1,1,0.015774,0.984226,true,1.840209,187.844844,189.685053,125,118,231,223
004430,1,1,0.024620,0.975380,true,1.893698,198.972500,200.866198,334,143,444,266
003906,1,1,0.064359,0.935641,true,1.872500,194.878437,196.750937,169,80,550,260
003386,1,1,0.025842,0.974158,true,1.985156,186.052969,188.038125,176,130,236,200
000773,1,1,0.020836,0.979164,true,1.824375,193.999010,195.823385,292,77,428,195
001688,1,1,0.020983,0.979017,true,1.808906,193.549948,195.358854,371,101,458,199
004000,1,1,0.004533,0.995467,true,1.801771,187.561041,189.362812,241,67,370,212
000048,0,1,0.011811,0.988189,false,1.799479,202.592657,204.392136,410,133,635,325
002878,0,0,0.998646,0.001354,true,1.877031,195.152240,197.029271,242,135,292,180
001352,1,1,0.145616,0.854384,true,1.704688,185.284844,186.989532,184,88,265,146
003842,1,1,0.031530,0.968470,true,1.809323,196.838906,198.648229,208,130,304,219
000083,1,1,0.184514,0.815486,true,1.806875,195.104427,196.911302,243,170,315,261
004369,1,1,0.026298,0.973702,true,1.891302,186.759740,188.651042,244,74,585,247
004338,1,0,0.522258,0.477742,false,1.785781,192.140781,193.926562,149,158,280,243
000385,0,1,0.154804,0.845196,false,1.886927,185.345469,187.232396,108,159,202,234
004522,1,1,0.098462,0.901538,true,1.846719,195.213645,197.060364,311,49,661,238
001486,1,1,0.017605,0.982395,true,1.876563,193.871667,195.748230,265,158,350,284
001666,1,1,0.032942,0.967058,true,2.117292,194.146719,196.264011,179,217,255,299
002072,1,1,0.183611,0.816389,true,2.690833,198.023594,200.714427,275,86,522,360
002519,1,1,0.008220,0.991780,true,1.775000,194.200417,195.975417,262,112,418,267
001795,0,0,0.998932,0.001068,true,3.186562,190.828750,194.015312,116,169,147,218
002799,1,1,0.029062,0.970938,true,1.879063,196.670000,198.549063,239,158,343,233
002124,1,1,0.084236,0.915764,true,2.031250,199.323282,201.354532,411,176,490,243
001729,0,0,0.975626,0.024374,true,1.949218,187.275000,189.224218,45,50,407,191
000120,0,0,0.987311,0.012689,true,2.214583,206.114218,208.328801,435,96,682,179
002060,1,1,0.027615,0.972385,true,1.923385,193.498906,195.422291,343,79,609,250
001349,1,1,0.010022,0.989978,true,1.771563,193.947864,195.719427,301,156,469,306
003138,1,1,0.001493,0.998507,true,1.721719,197.099322,198.821041,270,281,490,488
001572,1,1,0.044190,0.955810,true,1.849375,196.101563,197.950938,327,123,406,215
004986,1,1,0.057120,0.942880,true,1.737188,184.175781,185.912969,454,139,546,271
003175,1,1,0.026775,0.973225,true,1.855990,194.668750,196.524740,384,165,468,264
001626,1,1,0.047107,0.952893,true,1.873907,195.374687,197.248594,326,119,421,195
003231,1,1,0.008880,0.991120,true,1.825782,184.431302,186.257084,399,91,530,248
004770,1,1,0.009455,0.990545,true,1.796250,194.572291,196.368541,121,79,368,196
002373,0,0,0.998966,0.001034,true,1.824531,188.046094,189.870625,199,180,278,220
000487,0,0,0.999546,0.000455,true,1.956615,184.656406,186.613021,289,118,334,162
002359,0,0,0.879333,0.120667,true,3.298594,197.571302,200.869896,291,196,370,251
003392,0,0,0.955745,0.044255,true,1.781250,185.194896,186.976146,328,118,598,227
001944,0,0,0.999475,0.000525,true,2.419948,194.532760,196.952708,449,151,497,188
002964,0,0,0.955490,0.044510,true,1.815782,193.662291,195.478073,408,156,441,183
004300,1,1,0.065461,0.934539,true,1.807864,185.633229,187.441093,198,39,458,234
003943,1,0,0.691587,0.308413,false,3.143489,194.780886,197.924375,265,112,586,333
004829,1,1,0.248681,0.751319,true,1.812552,193.512344,195.324896,307,159,408,238
002912,1,1,0.096771,0.903229,true,1.893750,195.636355,197.530105,204,143,303,206
004680,0,0,0.427070,0.572930,true,1.782500,194.206875,195.989375,213,170,352,249
003782,1,1,0.019784,0.980216,true,1.804688,200.454531,202.259219,125,210,374,447
000430,0,0,0.997445,0.002555,true,1.856562,189.023750,190.880312,475,237,546,282
001166,1,1,0.026165,0.973835,true,1.789062,196.110365,197.899427,398,159,558,325
003477,0,0,0.860941,0.139059,true,1.854114,193.707552,195.561666,255,79,635,428
004489,1,1,0.005110,0.994890,true,1.729844,189.774584,191.504428,188,156,350,296
001875,0,0,0.949266,0.050734,true,1.833281,192.407552,194.240833,317,179,433,245
000304,0,0,0.993209,0.006791,true,1.786198,185.530469,187.316667,103,118,602,345
001554,1,1,0.007234,0.992766,true,1.765625,186.093177,187.858802,103,112,221,206
004205,1,1,0.002406,0.997594,true,1.789844,195.026770,196.816614,259,79,509,268
003764,1,1,0.004824,0.995176,true,1.924844,186.986355,188.911199,396,123,470,214
004552,1,1,0.027174,0.972826,true,2.120938,196.712969,198.833907,259,188,424,315
004830,1,1,0.024508,0.975492,true,1.858906,193.861406,195.720312,320,191,435,301
004788,1,1,0.041726,0.958274,true,2.095156,184.385573,186.480729,150,85,268,187
002019,1,1,0.049571,0.950429,true,2.007031,194.042344,196.049375,365,139,498,290
004971,1,1,0.075009,0.924991,true,2.690469,195.336406,198.026875,214,76,349,153
001263,1,1,0.027526,0.972474,true,1.870990,184.880625,186.751615,196,67,326,175
004017,1,1,0.049867,0.950134,true,1.790000,193.925781,195.715781,233,111,535,392
001692,1,0,0.703206,0.296794,false,1.784584,193.546406,195.330990,201,188,296,258
004729,1,1,0.009447,0.990553,true,2.374479,191.908490,194.282969,455,153,571,302
000438,0,0,0.908161,0.091839,true,1.835208,197.071198,198.906406,224,220,433,423
001657,1,1,0.008466,0.991534,true,2.054062,210.296406,212.350468,291,99,425,250
003359,1,1,0.030159,0.969841,true,2.057969,206.693177,208.751146,422,98,494,195
004381,1,1,0.020431,0.979569,true,1.948750,216.865365,218.814115,142,54,488,432
003506,0,0,0.999930,0.000070,true,1.995000,211.652812,213.647812,357,99,388,125
004969,1,1,0.028411,0.971589,true,2.048802,222.240521,224.289323,235,66,350,199
002317,1,1,0.167570,0.832430,true,7.792188,226.038542,233.830730,261,266,372,388
000641,0,0,0.999785,0.000215,true,3.560469,233.330156,236.890625,317,147,362,192
003020,1,1,0.009384,0.990617,true,3.669583,232.575677,236.245260,321,74,536,237
000519,0,0,0.931322,0.068678,true,3.672187,232.744167,236.416354,253,188,361,271
001337,1,0,0.655804,0.344196,false,4.042500,226.213906,230.256406,233,75,286,114
000949,1,1,0.156972,0.843028,true,3.897656,228.082500,231.980156,344,170,442,310
004189,1,1,0.039887,0.960113,true,3.701094,227.126718,230.827812,373,148,489,232
001461,1,1,0.015933,0.984067,true,3.650573,229.786719,233.437292,246,170,495,349
002085,1,0,0.939986,0.060014,false,3.660105,226.448541,230.108646,398,162,564,285
003355,1,1,0.018895,0.981105,true,3.517969,235.528645,239.046614,231,142,320,236
001760,1,1,0.008781,0.991219,true,3.707656,233.582292,237.289948,233,118,355,254
000379,0,0,0.994302,0.005698,true,3.518281,224.239375,227.757656,189,192,225,238
002618,1,1,0.006424,0.993576,true,3.234948,200.164011,203.398959,274,55,417,162
003989,1,1,0.023455,0.976545,true,3.156250,205.008489,208.164739,100,126,173,212
002474,0,0,0.999361,0.000639,true,3.178646,207.320000,210.498646,333,269,361,308
004760,1,1,0.097555,0.902445,true,3.168489,196.313281,199.481770,228,167,315,234
004850,1,1,0.050923,0.949077,true,3.259479,204.682500,207.941979,284,86,480,206
003575,0,0,0.995672,0.004328,true,3.141354,204.807188,207.948542,237,270,303,336
004272,1,1,0.159107,0.840893,true,3.011980,191.710156,194.722136,151,121,346,271
000998,1,1,0.021521,0.978479,true,9.576875,193.812083,203.388958,470,77,566,166
000802,1,1,0.023264,0.976736,true,3.129844,201.167500,204.297344,248,108,414,257
003781,1,1,0.021106,0.978894,true,3.090157,191.935521,195.025678,119,198,323,412
004358,1,1,0.019141,0.980859,true,4.121198,184.868698,188.989896,372,117,551,305
001125,1,1,0.031846,0.968154,true,3.158385,198.575156,201.733541,171,164,271,244
003883,1,1,0.036828,0.963172,true,2.010312,185.954635,187.964947,319,91,470,207
001361,1,1,0.021973,0.978027,true,2.183021,197.893438,200.076459,303,159,420,282
001665,1,1,0.169888,0.830112,true,1.813178,196.342083,198.155261,275,147,585,512
003804,1,1,0.019735,0.980265,true,1.818906,184.289219,186.108125,300,196,409,299
004398,1,1,0.032566,0.967434,true,1.787032,195.224843,197.011875,460,150,557,263
003974,0,1,0.020266,0.979734,false,1.741562,194.246874,195.988436,458,94,513,147
002858,0,0,0.927859,0.072141,true,1.815625,193.781614,195.597239,148,110,551,408
000054,1,1,0.037527,0.962473,true,1.947188,214.549844,216.497032,206,82,285,155
003682,1,1,0.017425,0.982575,true,2.078906,231.858333,233.937239,264,151,362,280
000194,1,1,0.004646,0.995354,true,1.964948,226.073854,228.038802,188,140,403,363
002048,1,1,0.053603,0.946397,true,2.019115,221.721406,223.740521,271,227,428,390
004911,1,1,0.005421,0.994579,true,3.371093,229.420000,232.791093,272,109,468,264
000300,0,0,0.303268,0.696732,true,3.427969,231.184531,234.612500,363,167,584,356
004486,1,1,0.009135,0.990865,true,3.687917,236.087188,239.775105,56,79,181,215
000276,0,0,0.987625,0.012375,true,3.659375,221.891406,225.550781,237,100,472,189
004475,1,1,0.004780,0.995220,true,3.530782,228.090312,231.621094,369,71,529,167
003116,1,1,0.065549,0.934451,true,3.551094,229.545000,233.096094,402,95,488,172
004929,1,1,0.008583,0.991417,true,3.694635,229.718281,233.412916,470,146,571,268
004645,1,1,0.016246,0.983754,true,3.837656,228.122343,231.959999,177,153,353,275
004130,0,0,0.999183,0.000817,true,3.513282,219.356719,222.870001,396,202,437,227
001012,1,1,0.018759,0.981241,true,3.657604,228.766667,232.424271,296,109,511,291
004478,1,1,0.006836,0.993164,true,3.494687,226.374532,229.869219,106,182,199,254
002875,0,0,0.998873,0.001127,true,3.646094,231.382968,235.029062,311,134,369,175
002451,1,1,0.042211,0.957789,true,3.547031,219.534374,223.081405,292,305,377,367
004122,0,0,0.592318,0.407682,true,3.710417,224.035677,227.746094,327,60,510,187
000774,1,1,0.017737,0.982263,true,3.475000,233.277604,236.752604,307,74,428,191
004955,1,1,0.025629,0.974371,true,3.470104,238.511302,241.981406,99,18,304,166
002461,0,0,0.801682,0.198318,true,3.449531,220.871562,224.321093,321,262,418,330
000060,0,0,0.875304,0.124696,true,3.484062,226.013907,229.497969,324,174,579,362
004325,1,1,0.024065,0.975935,true,3.082604,223.349271,226.431875,308,86,405,202
003055,1,1,0.014886,0.985114,true,3.664896,226.435208,230.100104,245,85,372,183
002310,1,1,0.016290,0.983710,true,3.701563,220.034531,223.736094,383,118,457,209
000966,0,1,0.171086,0.828914,false,3.568021,229.401823,232.969844,400,129,554,228
002098,1,1,0.015730,0.984269,true,3.760052,234.168282,237.928334,540,170,660,279
004336,1,1,0.013231,0.986769,true,3.502188,231.000469,234.502657,168,127,265,219
004099,0,0,0.986572,0.013428,true,3.468802,224.438594,227.907396,372,168,473,232
002899,0,0,0.993376,0.006624,true,4.632969,234.687188,239.320157,373,133,589,260
004213,1,1,0.251882,0.748118,true,3.836563,236.167812,240.004375,282,288,395,383
004756,1,1,0.016443,0.983557,true,3.626770,234.336979,237.963749,183,98,394,308
000712,1,1,0.033601,0.966399,true,3.639896,237.073438,240.713334,146,51,365,196
002700,1,1,0.035547,0.964453,true,3.684375,226.551771,230.236146,158,169,338,291
000137,0,1,0.016292,0.983708,false,3.736510,238.718073,242.454583,145,66,422,325
001038,1,1,0.042070,0.957930,true,3.570000,236.843020,240.413020,338,89,550,240
000006,0,0,0.988990,0.011010,true,3.451979,228.219323,231.671302,248,125,495,297
002665,1,1,0.025887,0.974113,true,3.503802,223.573437,227.077239,201,76,317,174
000496,0,0,0.983163,0.016837,true,3.355417,222.329063,225.684480,52,47,463,269
002646,1,0,0.562843,0.437157,false,3.513646,234.823594,238.337240,132,54,569,295
001105,1,1,0.013491,0.986509,true,3.492188,231.935468,235.427656,227,96,326,198
004181,1,1,0.013927,0.986073,true,3.854167,232.917344,236.771511,110,93,605,381
002735,1,1,0.002410,0.997590,true,3.573281,225.804062,229.377343,210,62,321,188
000413,0,0,0.443900,0.556100,true,3.465000,231.661407,235.126407,351,60,514,136
002518,1,1,0.006028,0.993972,true,3.569844,234.293749,237.863593,280,81,460,243
000101,1,1,0.055171,0.944829,true,3.721406,234.436354,238.157760,336,150,561,323
004810,1,1,0.008484,0.991516,true,3.711042,219.818437,223.529479,221,130,317,216
000566,0,0,0.998381,0.001619,true,6.959166,225.564531,232.523697,323,129,362,166
001065,1,1,0.026444,0.973556,true,3.756979,226.779167,230.536146,315,166,432,279
002033,1,1,0.004810,0.995190,true,3.811145,232.912031,236.723176,298,171,471,293
001101,1,1,0.011551,0.988449,true,3.542916,234.843645,238.386561,457,122,569,217
001625,1,1,0.102513,0.897487,true,3.496094,225.430260,228.926354,505,113,559,179
001974,1,1,0.038734,0.961266,true,3.677812,234.239427,237.917239,274,181,408,262
002247,1,1,0.032051,0.967949,true,3.668854,235.172916,238.841770,289,48,479,171
001326,1,1,0.035996,0.964004,true,3.427656,230.674063,234.101719,407,177,527,312
004315,1,1,0.014925,0.985075,true,3.478854,225.486250,228.965104,444,126,619,244
000623,0,0,0.942928,0.057072,true,3.491667,234.422344,237.914011,424,336,584,505
004165,0,0,0.973341,0.026659,true,3.584532,233.503125,237.087657,126,142,192,166
001475,1,1,0.026308,0.973692,true,3.472812,231.365833,234.838645,244,125,332,218
003205,1,1,0.037996,0.962004,true,3.474688,218.744583,222.219271,348,123,607,298
000573,0,0,0.814431,0.185569,true,3.470469,219.355938,222.826407,223,65,527,317
000468,0,0,0.991280,0.008720,true,3.768906,227.213646,230.982552,90,58,433,335
002989,1,1,0.008344,0.991656,true,3.475000,247.802031,251.277031,232,81,388,204
004889,1,1,0.032300,0.967700,true,3.618698,235.598177,239.216875,277,133,348,194
004465,1,1,0.021570,0.978430,true,3.522709,219.707604,223.230313,397,71,518,179
004001,1,1,0.005554,0.994446,true,3.711719,231.397500,235.109219,393,101,513,242
003774,1,1,0.018774,0.981225,true,3.510260,233.500312,237.010572,435,158,523,246
001240,1,1,0.009358,0.990642,true,3.703125,225.867136,229.570261,440,271,504,341
002092,1,1,0.020479,0.979521,true,4.331562,222.021198,226.352760,446,193,605,379
001697,1,1,0.043609,0.956391,true,3.563750,228.537187,232.100937,191,119,369,283
002483,1,1,0.113761,0.886239,true,3.378698,232.655833,236.034531,278,81,592,313
003010,0,1,0.196159,0.803841,false,3.457552,228.763489,232.221041,142,149,220,214
004678,0,0,0.319658,0.680342,true,3.725313,219.583802,223.309115,248,139,358,202
001831,0,0,0.998914,0.001086,true,3.570782,221.103125,224.673907,341,190,390,227
001886,0,0,0.952266,0.047734,true,3.511511,231.250729,234.762240,266,108,452,212
002517,0,0,0.999980,0.000020,true,3.483854,227.242188,230.726042,377,163,416,187
003006,1,1,0.043420,0.956580,true,3.519844,230.952968,234.472812,319,201,398,283
002079,1,1,0.056544,0.943456,true,3.546406,225.201406,228.747812,174,119,250,203
000228,0,0,0.516635,0.483365,true,3.467813,230.419740,233.887553,182,141,504,386
004835,1,1,0.005095,0.994905,true,3.499688,232.195156,235.694844,192,71,338,271
001088,1,1,0.049993,0.950007,true,3.731823,231.257552,234.989375,353,167,466,264
001908,0,0,0.991574,0.008426,true,3.497344,221.094219,224.591563,365,200,432,246
003848,1,1,0.042407,0.957593,true,3.484844,231.407813,234.892657,211,49,530,239
001776,0,0,0.998442,0.001558,true,3.486354,226.642813,230.129167,310,246,347,287
000086,0,0,0.999880,0.000120,true,3.797500,225.917344,229.714844,427,232,456,265
001186,1,1,0.016113,0.983887,true,3.646928,222.392812,226.039740,360,63,610,302
001408,1,0,0.653102,0.346898,false,3.341875,228.329219,231.671094,223,50,561,311
002356,0,0,0.994513,0.005487,true,4.373282,225.822864,230.196146,345,188,382,213
000882,1,1,0.015472,0.984528,true,3.537813,224.223281,227.761094,309,191,436,328
003252,1,1,0.014501,0.985499,true,3.452031,227.823437,231.275468,192,115,304,203
001046,1,1,0.085952,0.914048,true,3.504271,228.346771,231.851042,141,129,192,188
001394,1,1,0.013519,0.986481,true,3.488229,235.356198,238.844427,280,181,351,239
002689,1,1,0.140146,0.859854,true,3.751875,238.053072,241.804947,195,105,274,167
003617,1,1,0.066703,0.933297,true,3.635625,231.883854,235.519479,221,156,244,210
000844,1,1,0.016220,0.983780,true,3.504687,222.949532,226.454219,314,92,665,356
001633,1,1,0.017230,0.982770,true,3.584688,236.367969,239.952657,467,160,514,220
002137,1,1,0.017064,0.982936,true,3.699219,226.933854,230.633073,282,165,375,260
004422,1,1,0.013009,0.986991,true,3.518333,230.060156,233.578489,325,247,412,375
000815,1,1,0.030083,0.969917,true,3.495469,224.432031,227.927500,308,131,410,227
001495,1,1,0.009562,0.990438,true,9.642813,224.696041,234.338854,189,114,288,203
002563,1,1,0.067926,0.932074,true,4.614843,232.393489,237.008332,236,187,289,260
004373,1,1,0.008581,0.991419,true,3.825938,232.918385,236.744323,299,61,457,217
003410,1,1,0.012188,0.987812,true,3.622969,230.204062,233.827031,289,96,396,184
000605,0,0,0.454872,0.545128,true,3.462239,219.244375,222.706614,288,158,357,215
003580,1,1,0.009421,0.990579,true,3.482344,235.628750,239.111094,161,19,429,224
000897,1,1,0.076102,0.923898,true,3.505052,234.701250,238.206302,195,139,325,228
003862,1,1,0.044718,0.955282,true,3.770105,239.850729,243.620834,365,224,432,316
002339,0,0,0.998489,0.001511,true,3.774271,226.218177,229.992448,393,185,440,217
004313,1,1,0.021387,0.978613,true,6.340364,220.745312,227.085676,247,219,397,377
002071,1,1,0.011145,0.988855,true,3.479167,225.921719,229.400886,451,206,592,356
004599,0,0,0.981574,0.018426,true,3.680937,225.149271,228.830208,324,252,388,303
001420,1,1,0.019570,0.980430,true,3.790937,220.193750,223.984687,204,146,442,306
004842,1,1,0.007263,0.992737,true,3.667604,220.128281,223.795885,361,136,455,224
001668,1,1,0.031175,0.968825,true,3.653906,228.504531,232.158437,262,145,328,227
002264,1,1,0.011961,0.988039,true,3.564636,228.313854,231.878490,321,169,400,256
000939,1,1,0.013559,0.986441,true,3.534011,233.027500,236.561511,236,152,334,250
003777,1,1,0.016341,0.983659,true,3.620104,225.775886,229.395990,235,45,489,244
001781,0,0,0.995694,0.004306,true,3.698438,236.558906,240.257344,298,115,373,155
000416,1,1,0.009735,0.990265,true,3.382657,230.281563,233.664220,168,114,352,243
001184,1,1,0.053140,0.946860,true,3.501250,233.941615,237.442865,376,170,446,259
002149,1,1,0.014986,0.985014,true,3.569062,225.602396,229.171458,141,174,319,364
004146,1,1,0.086864,0.913136,true,3.540781,235.580990,239.121771,171,145,247,198
003776,1,1,0.102969,0.897031,true,3.512188,230.353282,233.865470,416,93,452,146
000709,1,1,0.019464,0.980536,true,3.506093,234.640364,238.146457,382,83,559,204
001919,0,0,0.957618,0.042382,true,3.627500,229.300937,232.928437,324,151,456,228
002012,1,1,0.003353,0.996647,true,3.348646,215.626927,218.975573,299,173,468,276
002794,1,1,0.027839,0.972161,true,3.490313,233.982656,237.472969,315,159,426,274
001786,0,1,0.211382,0.788618,false,3.845469,234.019166,237.864635,279,138,582,388
000197,0,0,0.999633,0.000367,true,3.473229,229.796666,233.269895,385,125,567,262
003246,1,1,0.017237,0.982763,true,3.754323,224.286875,228.041198,329,170,432,294
003080,1,1,0.033081,0.966919,true,3.495521,235.697656,239.193177,345,105,498,206
002653,1,1,0.009988,0.990012,true,3.546875,237.044948,240.591823,278,56,456,171
003219,1,1,0.068941,0.931059,true,3.705313,225.463646,229.168959,392,93,536,176
002680,1,1,0.011748,0.988252,true,3.482812,222.032917,225.515729,232,117,591,362
002551,1,1,0.026990,0.973010,true,7.108229,219.943959,227.052188,430,169,520,262
003348,1,1,0.013759,0.986241,true,3.540782,226.682812,230.223594,307,67,400,174
002069,1,1,0.021983,0.978017,true,3.395468,226.003177,229.398645,354,222,522,377
003510,0,0,0.998971,0.001029,true,3.584584,222.027031,225.611615,150,116,208,167
004995,1,1,0.020108,0.979892,true,3.405886,224.652969,228.058855,225,164,489,351
003643,1,1,0.026800,0.973200,true,3.438073,233.026875,236.464948,276,83,469,276
003443,0,0,0.998597,0.001403,true,3.784219,236.896406,240.680625,330,192,369,235
001266,1,1,0.044759,0.955241,true,3.775938,230.704843,234.480781,209,140,273,198
000918,1,1,0.011346,0.988654,true,3.680938,225.182604,228.863542,234,314,320,436
001878,0,0,0.876139,0.123861,true,3.444219,233.048437,236.492656,239,122,353,224
000630,0,0,0.988528,0.011472,true,4.098489,229.455677,233.554166,469,186,544,242
002231,1,1,0.029619,0.970381,true,3.713125,229.768541,233.481666,344,121,478,215
004553,1,1,0.009709,0.990291,true,3.604063,222.160937,225.765000,334,72,490,204
001255,1,1,0.028942,0.971058,true,9.326094,224.096302,233.422396,250,89,339,147
000942,1,1,0.088963,0.911037,true,3.532812,228.223125,231.755937,260,184,344,262
000952,1,1,0.204803,0.795197,true,3.749166,225.065729,228.814895,350,74,405,113
002918,0,0,0.327771,0.672229,true,3.506979,219.303750,222.810729,369,131,417,184
003838,1,0,0.315748,0.684252,false,3.611563,225.429687,229.041250,333,107,409,164
002749,1,1,0.037659,0.962341,true,3.598021,236.251979,239.850000,124,100,192,173
000225,1,1,0.019906,0.980094,true,3.534063,237.360052,240.894115,295,179,422,296
001785,0,0,0.940671,0.059329,true,3.434896,235.989114,239.424010,207,169,487,321
000040,0,0,0.965813,0.034187,true,3.505469,224.216198,227.721667,177,50,400,221
002366,0,1,0.236299,0.763701,false,3.422343,234.587812,238.010155,221,54,491,193
003249,1,0,0.524274,0.475726,false,3.514271,229.701874,233.216145,276,137,336,203
001770,0,0,0.693359,0.306641,true,3.647239,228.334062,231.981301,346,145,599,346
004191,1,1,0.006762,0.993238,true,3.535625,225.676302,229.211927,370,138,493,239
003425,1,1,0.019615,0.980385,true,5.706042,224.694843,230.400885,70,85,291,267
001321,1,1,0.002802,0.997198,true,3.712292,232.419584,236.131876,480,241,628,367
003165,1,1,0.008512,0.991488,true,3.550313,232.355209,235.905522,131,110,224,237
004626,0,0,0.986717,0.013283,true,4.164375,232.235416,236.399791,348,135,531,243
003763,1,1,0.015186,0.984814,true,3.587709,221.488490,225.076199,361,166,445,236
003936,1,1,0.211967,0.788033,true,3.466146,229.367187,232.833333,94,109,201,195
001589,1,1,0.016804,0.983196,true,3.471510,228.033854,231.505364,300,148,380,254
001178,1,0,0.553749,0.446251,false,3.513438,237.094948,240.608386,389,93,468,179
004875,1,1,0.008564,0.991436,true,3.585469,223.922500,227.507969,122,69,489,280
000025,0,0,0.903915,0.096085,true,3.525104,235.469844,238.994948,203,79,304,137
004667,0,0,0.993566,0.006434,true,3.551198,239.530313,243.081511,267,236,333,323
003053,1,1,0.026759,0.973241,true,3.463645,228.672656,232.136301,201,87,357,187
000832,1,1,0.017667,0.982333,true,3.796562,229.625364,233.421926,276,118,353,202
002171,1,1,0.189101,0.810899,true,3.732448,218.319271,222.051719,321,221,433,325
004115,1,1,0.024419,0.975581,true,3.660052,225.768750,229.428802,184,94,370,198
001705,1,1,0.029553,0.970447,true,3.750208,236.561042,240.311250,102,118,169,222
003369,1,1,0.006488,0.993512,true,3.681875,236.365989,240.047864,338,146,446,251
004258,1,1,0.100877,0.899123,true,3.879531,218.736250,222.615781,371,289,497,417
000582,1,0,0.338419,0.661581,false,3.538802,227.283490,230.822292,311,142,353,187
000546,0,0,0.995876,0.004124,true,3.670364,225.211562,228.881926,299,148,377,204
000933,1,1,0.009495,0.990505,true,3.786354,225.766927,229.553281,272,164,366,270
002928,0,0,0.999998,0.000002,true,3.465782,225.685781,229.151563,248,186,282,213
002116,1,1,0.074770,0.925230,true,3.893906,233.426563,237.320469,164,108,229,150
004718,0,0,0.989631,0.010369,true,3.827813,228.664219,232.492032,505,79,599,147
004227,0,0,0.703914,0.296086,true,3.500156,227.377239,230.877395,215,49,613,377
001892,0,0,0.970987,0.029013,true,3.587552,224.044219,227.631771,264,127,678,453
002702,1,1,0.009247,0.990753,true,12.379688,223.471094,235.850782,350,164,476,315
004167,1,1,0.028237,0.971763,true,3.695782,233.247917,236.943699,357,273,503,422
001078,1,1,0.010582,0.989418,true,3.507396,230.868437,234.375833,332,111,432,230
002465,0,0,0.807194,0.192806,true,3.485521,229.279375,232.764896,528,258,622,317
004371,1,1,0.078205,0.921795,true,3.525677,227.635156,231.160833,284,218,332,275
002253,0,0,0.469145,0.530855,true,3.638229,230.457448,234.095677,284,261,402,340
001204,1,0,0.340903,0.659097,false,3.565000,228.444739,232.009739,571,176,791,352
004728,1,1,0.016604,0.983396,true,3.393281,230.221041,233.614322,236,206,401,366
000728,1,1,0.028376,0.971624,true,3.487709,221.313437,224.801146,129,121,452,353
004744,1,0,0.340862,0.659138,false,3.463594,239.325625,242.789219,51,73,639,368
004960,1,1,0.046977,0.953023,true,3.635000,232.875833,236.510833,321,107,445,222
002052,1,1,0.012950,0.987050,true,3.616093,234.319374,237.935467,133,70,383,294
002036,1,1,0.007214,0.992786,true,3.423542,229.691094,233.114636,268,71,413,211
000382,1,1,0.015643,0.984357,true,3.646042,225.815937,229.461979,490,234,614,368
000899,1,1,0.021400,0.978600,true,3.410053,232.157604,235.567657,221,125,373,242
004990,1,1,0.014136,0.985864,true,3.810625,239.055156,242.865781,243,247,339,336
003701,1,1,0.058782,0.941218,true,3.542396,235.131406,238.673802,448,134,533,212
004724,1,0,0.436308,0.563692,false,3.537812,224.568073,228.105885,207,244,336,347
000576,0,0,0.993114,0.006886,true,3.509375,235.880052,239.389427,382,155,417,210
000149,0,0,0.990726,0.009274,true,3.778489,233.714010,237.492499,354,43,501,181
003001,1,0,0.916573,0.083427,false,3.567656,234.394584,237.962240,484,51,617,159
004416,1,1,0.007469,0.992531,true,3.799219,231.201302,235.000521,190,95,326,228
000554,0,0,0.999554,0.000446,true,3.447031,224.005468,227.452499,338,223,397,251
000016,0,0,0.995815,0.004185,true,3.535625,236.194219,239.729844,308,97,538,217
000421,0,0,0.999607,0.000393,true,3.508854,232.694636,236.203490,365,98,388,130
000669,0,0,0.998652,0.001348,true,3.540000,232.054062,235.594062,378,111,493,184
002936,0,0,0.873577,0.126423,true,3.679427,222.394531,226.073958,455,111,546,176
001072,1,1,0.048632,0.951368,true,3.503021,235.044896,238.547917,386,108,455,182
001456,1,1,0.037375,0.962625,true,3.500990,231.241094,234.742084,338,118,400,190
001156,1,1,0.013378,0.986622,true,3.689063,229.672135,233.361198,363,142,410,191
003925,1,1,0.056894,0.943106,true,3.442500,223.701354,227.143854,191,155,328,244
004448,1,1,0.096180,0.903820,true,3.531927,220.982968,224.514895,331,153,404,236
003139,0,0,0.774191,0.225809,true,3.514375,229.710729,233.225104,251,136,343,193
002328,1,1,0.032186,0.967814,true,3.489687,230.341041,233.830728,369,245,435,306
002420,0,0,0.997386,0.002614,true,3.942032,226.789791,230.731823,403,331,458,364
001775,0,0,0.998894,0.001106,true,3.618593,218.176041,221.794634,399,300,421,348
001030,1,1,0.036651,0.963349,true,3.563073,224.853594,228.416667,195,235,241,282
001684,1,1,0.015718,0.984282,true,3.718437,229.831823,233.550260,195,168,324,315
001732,0,0,0.701138,0.298861,true,3.482395,224.467656,227.950051,432,130,509,185
004435,1,0,0.985647,0.014353,false,3.497813,220.670782,224.168595,188,108,257,166
000861,1,1,0.008602,0.991398,true,3.547865,230.931093,234.478958,200,196,345,319
004762,1,1,0.049053,0.950947,true,3.401094,227.511146,230.912240,248,49,501,169
000634,1,1,0.119329,0.880671,true,3.414427,235.079792,238.494219,185,30,502,246
001722,1,1,0.060081,0.939919,true,3.700625,226.295990,229.996615,349,63,529,188
004413,1,0,0.299201,0.700799,false,3.560052,235.514844,239.074896,388,160,438,208
004752,1,1,0.057634,0.942366,true,3.564010,232.931875,236.495885,185,61,381,219
001332,1,0,0.304317,0.695683,false,3.535000,231.581718,235.116718,521,126,579,200
001941,0,0,0.999019,0.000981,true,3.672084,230.086510,233.758594,94,86,160,139
002286,1,1,0.017111,0.982889,true,3.465469,227.902500,231.367969,62,119,244,245
003263,1,1,0.024110,0.975890,true,3.522187,234.485260,238.007447,371,129,432,228
004982,1,1,0.008412,0.991588,true,3.753438,234.325468,238.078906,289,121,406,272
003658,1,1,0.004269,0.995731,true,3.661406,230.687344,234.348750,118,86,324,308
001097,1,1,0.056850,0.943150,true,3.425000,221.562448,224.987448,138,62,402,256
003489,0,1,0.055967,0.944033,false,3.917031,237.158333,241.075364,344,87,382,134
004985,1,1,0.009938,0.990062,true,3.446406,230.030156,233.476562,207,125,394,270
002631,1,1,0.018337,0.981663,true,3.629948,234.204688,237.834636,347,116,475,224
003762,1,1,0.009445,0.990555,true,3.680052,226.235260,229.915312,338,142,440,250
000202,0,1,0.106704,0.893296,false,3.596875,223.348750,226.945625,174,92,406,242
001750,0,0,0.958670,0.041330,true,3.737812,227.316719,231.054531,147,52,511,319
001442,1,1,0.010912,0.989088,true,3.686250,227.243021,230.929271,208,169,330,303
000461,0,0,0.997517,0.002483,true,3.674062,236.469010,240.143072,195,119,325,188
003809,1,1,0.050904,0.949096,true,3.642187,228.705312,232.347499,329,167,390,227
000451,0,0,0.885895,0.114105,true,3.503385,233.402813,236.906198,276,141,429,236
003026,1,1,0.005370,0.994630,true,3.524115,234.142969,237.667084,321,99,509,287
001055,1,1,0.023092,0.976908,true,3.508750,234.554167,238.062917,282,145,361,250
002759,1,1,0.023396,0.976604,true,3.445677,229.144063,232.589740,268,198,333,272
000342,0,0,0.998004,0.001996,true,3.450520,225.148333,228.598853,412,247,471,296
003677,1,1,0.021072,0.978928,true,3.465312,235.765521,239.230833,313,94,477,183
001959,1,1,0.049188,0.950812,true,3.669531,231.822864,235.492395,407,167,521,265
004782,1,1,0.011941,0.988059,true,3.623281,232.397343,236.020624,113,85,320,203
004726,1,1,0.029325,0.970675,true,3.747187,225.251302,228.998489,338,282,466,387
003526,0,0,0.997059,0.002941,true,3.498438,233.367239,236.865677,265,195,358,296
002785,1,1,0.014384,0.985615,true,3.992969,237.821667,241.814636,158,158,394,399
004485,1,1,0.025238,0.974762,true,3.782917,231.872969,235.655886,165,93,292,214
004025,1,1,0.015430,0.984570,true,3.480469,225.181563,228.662032,331,123,648,403
003846,1,1,0.089869,0.910131,true,3.517812,224.382135,227.899947,223,54,485,220
000177,0,0,0.864981,0.135019,true,3.587187,233.677448,237.264635,287,119,379,197
003134,1,1,0.045196,0.954804,true,3.490678,231.841250,235.331928,469,142,586,254
001501,1,1,0.077355,0.922645,true,3.738854,231.671979,235.410833,307,76,422,165
001085,1,1,0.008097,0.991903,true,3.636093,224.011302,227.647395,276,198,435,323
004140,0,0,0.999595,0.000405,true,3.475416,237.137031,240.612447,358,103,404,135
002155,1,1,0.046375,0.953625,true,3.524843,231.802969,235.327812,285,100,358,195
001672,1,1,0.031527,0.968473,true,3.559687,227.102500,230.662187,188,49,473,187
001200,1,1,0.033064,0.966936,true,3.411094,222.824532,226.235626,483,189,658,311
001140,1,1,0.201265,0.798735,true,3.428489,233.989948,237.418437,268,110,441,347
002637,1,1,0.037685,0.962315,true,3.494687,232.599531,236.094218,228,138,277,200
001459,1,1,0.006984,0.993016,true,3.601250,229.474219,233.075469,263,208,346,314
002736,1,1,0.016850,0.983150,true,3.482500,234.963125,238.445625,292,64,430,190
003670,1,1,0.016613,0.983387,true,3.595469,227.767552,231.363021,267,111,386,196
000035,1,1,0.218703,0.781297,true,3.733593,233.927447,237.661040,153,62,694,372
002545,1,1,0.010863,0.989137,true,3.746250,229.701562,233.447812,419,203,502,311
001764,0,0,0.997384,0.002616,true,3.969063,233.367344,237.336407,207,137,283,180
001937,0,0,0.997514,0.002486,true,3.565677,222.742812,226.308489,349,217,408,269
001610,1,1,0.084218,0.915782,true,3.548906,232.113281,235.662187,172,149,240,206
003942,1,1,0.026668,0.973332,true,3.488802,231.008021,234.496823,425,106,603,267
001295,1,1,0.015556,0.984444,true,3.498125,235.656510,239.154635,292,122,404,256
002838,1,1,0.022248,0.977752,true,3.454843,230.425468,233.880311,343,90,553,220
004631,0,0,0.288644,0.711356,true,3.578386,224.931042,228.509428,430,203,519,281
004898,1,1,0.010931,0.989069,true,3.499896,233.485208,236.985104,325,61,497,202
002827,1,1,0.079700,0.920300,true,3.587968,227.753489,231.341457,236,134,311,217
001251,1,1,0.033723,0.966277,true,3.877136,232.954375,236.831511,354,95,449,188
004142,0,0,0.992083,0.007917,true,3.759948,223.963594,227.723542,228,109,386,212
002459,0,0,0.999750,0.000250,true,3.430312,233.164375,236.594687,428,145,472,196
004419,1,0,0.373550,0.626450,false,3.471875,234.088073,237.559948,75,29,422,457
001885,0,0,0.999969,0.000031,true,3.791875,233.940624,237.732499,355,106,421,140
004840,1,1,0.016799,0.983201,true,3.687969,223.415312,227.103281,300,114,369,200
002588,1,1,0.022796,0.977204,true,11.630886,224.394479,236.025365,197,177,348,283
002546,1,1,0.010742,0.989258,true,3.592813,236.601406,240.194219,254,195,525,457
000115,1,1,0.067775,0.932225,true,3.519063,234.244635,237.763698,315,145,384,206
000858,1,1,0.030197,0.969803,true,3.569010,229.415468,232.984478,399,211,496,325
001310,1,1,0.023983,0.976017,true,4.386146,225.998802,230.384948,201,171,329,258
001822,1,1,0.038231,0.961769,true,2.481406,229.218125,231.699531,238,167,329,251
002575,1,1,0.025448,0.974552,true,3.505000,228.170156,231.675156,258,238,366,330
001586,1,1,0.002640,0.997360,true,3.431511,226.937188,230.368699,323,109,485,315
003031,0,0,0.995762,0.004238,true,3.626875,219.629896,223.256771,208,133,269,172
004641,0,0,0.997458,0.002542,true,3.483229,232.948177,236.431406,330,232,378,274
000126,0,0,0.911805,0.088195,true,3.707187,231.422031,235.129218,179,105,435,267
003326,1,1,0.028704,0.971296,true,3.688958,230.746718,234.435676,276,148,429,280
001581,1,1,0.016266,0.983734,true,3.662187,226.852031,230.514218,300,119,448,278
000445,1,1,0.075677,0.924323,true,3.571406,229.462500,233.033906,139,163,216,228
004882,1,1,0.013000,0.987000,true,3.901875,228.143073,232.044948,181,105,330,236
002135,1,1,0.014027,0.985973,true,3.626823,233.353646,236.980469,240,106,477,258
003975,1,1,0.111728,0.888272,true,3.542916,229.762916,233.305832,253,131,405,220
001613,1,1,0.104605,0.895395,true,3.538854,223.319687,226.858541,218,184,322,289
001322,1,1,0.119590,0.880410,true,3.511146,233.810677,237.321823,311,146,354,208
001790,0,0,0.968982,0.031018,true,3.611875,229.686094,233.297969,247,130,443,341
001874,1,1,0.071476,0.928524,true,2.309532,227.795104,230.104636,400,116,555,198
004397,1,1,0.041354,0.958646,true,3.521563,223.089323,226.610886,332,142,446,250
004588,1,0,0.273683,0.726317,false,3.406146,237.098385,240.504531,404,121,673,399
002237,1,1,0.030871,0.969129,true,3.861354,233.532760,237.394114,457,129,574,232
003933,1,1,0.009026,0.990974,true,3.559166,226.225781,229.784947,296,83,404,212
003761,1,1,0.010405,0.989595,true,3.810521,219.096198,222.906719,354,133,496,256
004896,1,1,0.074206,0.925794,true,3.458802,216.316250,219.775052,322,130,416,224
002832,1,1,0.097263,0.902737,true,3.738438,229.658593,233.397031,112,150,187,218
002498,1,1,0.195875,0.804125,true,3.607813,234.401354,238.009167,231,140,492,332
000180,1,1,0.004463,0.995537,true,3.438594,233.232656,236.671250,349,85,525,289
004506,1,1,0.023719,0.976281,true,3.563230,223.161250,226.724480,404,163,486,245
000601,0,0,0.978730,0.021270,true,3.753541,232.411563,236.165104,249,217,330,272
001075,1,1,0.020156,0.979844,true,3.796667,232.503958,236.300625,225,64,288,115
000759,1,1,0.037935,0.962065,true,3.968542,232.872188,236.840730,460,86,564,171
004574,1,1,0.009856,0.990144,true,3.676250,226.185208,229.861458,389,111,461,172
000307,0,0,0.952576,0.047424,true,3.761771,234.782812,238.544583,57,88,594,308
003200,1,1,0.269193,0.730807,true,3.472083,234.416719,237.888802,268,84,427,214
002582,1,1,0.039000,0.961000,true,3.628021,233.004740,236.632761,325,86,389,169
003746,1,1,0.034631,0.965369,true,3.467031,231.781666,235.248697,275,151,373,230
004095,1,1,0.006185,0.993815,true,3.428906,223.394948,226.823854,258,119,443,272
004097,0,0,0.988192,0.011808,true,3.492135,231.906302,235.398437,189,133,771,514
001299,1,1,0.020282,0.979717,true,3.653281,225.621406,229.274687,377,198,456,282
002931,0,0,0.999434,0.000566,true,4.120833,227.787656,231.908489,446,223,515,263
001058,1,1,0.156219,0.843781,true,3.764375,222.350312,226.114687,319,207,411,284
003629,1,1,0.022237,0.977763,true,3.484531,231.648281,235.132812,287,78,389,163
003171,1,1,0.009016,0.990984,true,3.890990,224.765469,228.656459,217,172,316,285
003843,1,1,0.027660,0.972340,true,3.495781,223.876406,227.372187,143,130,238,208
001562,1,1,0.042615,0.957385,true,3.736562,222.381094,226.117656,409,77,518,172
001403,1,0,0.964469,0.035531,false,3.703437,239.175677,242.879114,557,316,689,413
000646,1,0,0.947324,0.052676,false,3.694167,234.365938,238.060105,495,145,576,199
004270,1,1,0.015486,0.984514,true,3.398385,230.576667,233.975052,301,105,549,290
001810,1,0,0.475702,0.524298,false,3.914219,232.688697,236.602916,218,142,349,221
002097,1,1,0.160115,0.839885,true,3.518073,226.738750,230.256823,290,29,533,167
003706,1,1,0.036369,0.963631,true,3.470052,227.767812,231.237864,373,223,466,337
000105,0,1,0.092686,0.907314,false,3.663125,236.485104,240.148229,382,66,625,174
002179,1,1,0.017641,0.982359,true,3.488750,231.673854,235.162604,344,206,452,336
004715,0,0,0.981425,0.018575,true,3.439427,221.038177,224.477604,237,168,330,231
002016,1,0,0.423177,0.576823,false,3.428698,231.146719,234.575417,64,50,297,273
003908,1,1,0.016862,0.983139,true,3.661667,230.073906,233.735573,91,58,488,314
003904,1,1,0.050155,0.949845,true,3.413906,234.455781,237.869687,217,73,413,256
000337,0,1,0.057732,0.942268,false,3.457448,226.484219,229.941667,213,66,393,178
004974,1,1,0.009652,0.990348,true,3.818125,221.776563,225.594688,360,113,607,295
003887,1,1,0.260498,0.739502,true,3.675000,231.433802,235.108802,228,99,349,199
003916,1,1,0.006407,0.993593,true,3.765521,234.546719,238.312240,490,103,589,195
001116,1,1,0.017427,0.982573,true,3.430468,230.540468,233.970936,397,129,594,295
000637,0,1,0.048193,0.951806,false,3.484792,225.548906,229.033698,287,58,422,172
001612,1,1,0.046973,0.953027,true,3.502240,231.346146,234.848386,95,83,294,226
002110,1,1,0.025054,0.974946,true,3.667812,236.507395,240.175207,339,158,398,214
000606,0,1,0.060867,0.939133,false,2.358438,227.464844,229.823282,434,143,497,202
004500,1,1,0.008265,0.991735,true,3.473490,219.667187,223.140677,245,52,488,228
002664,1,1,0.011065,0.988935,true,3.633958,227.733750,231.367708,299,51,442,233
003891,1,1,0.016861,0.983139,true,3.471562,225.734270,229.205832,441,94,511,164
000760,1,1,0.031767,0.968233,true,3.688594,234.847187,238.535781,465,85,558,164
002278,1,1,0.163747,0.836253,true,3.665364,226.260625,229.925989,313,266,381,348
004292,0,1,0.080491,0.919509,false,4.550677,227.846927,232.397604,273,101,365,178
000318,0,1,0.057934,0.942066,false,3.654583,234.488438,238.143021,255,115,505,267
000985,1,1,0.080514,0.919486,true,3.461406,229.009010,232.470416,419,125,669,272
000361,0,0,0.882054,0.117946,true,3.487916,224.702448,228.190364,277,130,519,264
002562,1,1,0.013871,0.986129,true,3.536979,219.200156,222.737135,429,147,528,301
000997,1,1,0.022647,0.977353,true,3.491927,228.176562,231.668489,269,79,372,162
004586,1,1,0.012574,0.987426,true,3.984167,227.278281,231.262448,264,171,541,363
001041,1,1,0.014089,0.985911,true,3.796562,224.979011,228.775573,192,89,346,182
002343,0,0,0.998587,0.001413,true,3.758281,230.093907,233.852188,339,99,379,142
000044,0,0,0.714193,0.285808,true,3.533438,233.588177,237.121615,403,83,460,125
002201,1,1,0.034976,0.965024,true,3.486094,231.149532,234.635626,220,72,514,372
002738,1,1,0.014842,0.985158,true,3.741354,235.197969,238.939323,179,114,302,203
003592,1,1,0.010010,0.989990,true,3.452500,222.138594,225.591094,300,138,551,379
000405,1,1,0.103785,0.896215,true,3.509271,223.974948,227.484219,182,62,337,171
001920,0,0,0.991698,0.008302,true,3.564062,232.028958,235.593020,359,143,435,190
002235,1,1,0.010132,0.989868,true,3.829219,233.849531,237.678750,242,147,389,309
003445,0,0,0.999070,0.000930,true,3.698177,233.140833,236.839010,523,164,593,215
004740,0,0,0.420309,0.579691,true,3.550052,227.173593,230.723645,239,206,309,289
001765,0,0,0.983645,0.016355,true,3.518594,231.636250,235.154844,163,133,244,177
003558,0,0,0.987775,0.012225,true,3.518438,231.980260,235.498698,313,222,368,263
000432,0,1,0.046452,0.953548,false,3.726875,233.825677,237.552552,281,162,324,216
000579,0,0,0.999210,0.000790,true,3.440104,225.442292,228.882396,197,129,253,167
002733,1,1,0.131281,0.868719,true,4.543906,232.429166,236.973072,156,110,341,260
003077,1,1,0.013966,0.986033,true,3.438281,242.055834,245.494115,189,191,405,385
000410,0,0,0.996268,0.003732,true,3.511094,235.606823,239.117917,235,217,303,265
002675,1,1,0.010433,0.989567,true,3.853125,230.637032,234.490157,243,64,513,296
003192,1,1,0.016160,0.983840,true,3.460208,219.979219,223.439427,269,113,492,324
002726,1,1,0.012450,0.987550,true,3.458542,229.701354,233.159896,135,101,320,224
002272,1,0,0.880099,0.119901,false,3.441562,227.370365,230.811927,56,82,496,412
004248,1,1,0.011081,0.988919,true,3.421250,227.027135,230.448385,451,99,605,200
000870,1,1,0.033227,0.966773,true,3.488594,217.645000,221.133594,259,171,340,228
003358,1,1,0.020774,0.979226,true,3.472032,227.374688,230.846720,152,159,257,243
000246,0,0,0.997778,0.002222,true,3.807187,231.687500,235.494687,520,130,570,182
003802,1,1,0.023134,0.976866,true,3.538333,234.596718,238.135051,394,180,505,320
003635,1,1,0.004827,0.995173,true,3.706250,227.176927,230.883177,413,251,492,367
002554,1,1,0.005505,0.994495,true,7.998750,230.194115,238.192865,336,135,477,261
001812,0,0,0.345679,0.654321,true,3.518021,232.189739,235.707760,533,85,643,154
004230,1,1,0.134804,0.865196,true,3.783958,231.614896,235.398854,11,89,104,147
003048,0,0,0.891167,0.108833,true,3.699531,229.796458,233.495989,329,75,430,138
002340,0,0,0.996091,0.003909,true,3.511094,223.524271,227.035365,362,184,402,217
003256,1,1,0.058575,0.941425,true,3.437708,233.898646,237.336354,326,129,489,250
000735,1,0,0.990584,0.009416,false,3.463594,227.756979,231.220573,152,114,195,148
000371,0,1,0.154609,0.845391,false,3.366771,226.808437,230.175208,192,127,374,258
000131,0,1,0.028730,0.971270,false,3.551406,222.458125,226.009531,343,196,398,257
004988,1,1,0.014646,0.985354,true,3.976094,232.851198,236.827292,207,69,554,359
001181,1,1,0.022773,0.977227,true,3.843125,229.682552,233.525677,313,59,446,162
003254,1,1,0.016317,0.983683,true,3.520052,232.847760,236.367812,269,123,412,242
002971,0,1,0.216363,0.783637,false,3.504271,220.591407,224.095678,284,94,397,155
002205,1,1,0.048218,0.951782,true,3.482187,220.885834,224.368021,103,75,512,353
004370,1,1,0.016546,0.983454,true,3.477032,231.330364,234.807396,152,78,452,252
002877,0,0,0.999743,0.000257,true,3.595156,224.702552,228.297708,235,210,291,246
002243,1,1,0.021500,0.978500,true,3.803906,220.543281,224.347187,234,142,402,271
002295,1,1,0.139342,0.860658,true,3.456562,217.470000,220.926562,409,159,481,226
003874,1,1,0.001850,0.998150,true,3.543958,241.627656,245.171614,376,159,512,315
001305,1,1,0.020141,0.979859,true,3.811771,231.874062,235.685833,100,78,436,315
001119,1,1,0.044859,0.955141,true,3.880521,230.215208,234.095729,271,247,346,329
000184,0,0,0.936565,0.063435,true,3.503281,226.124427,229.627708,255,92,691,479
002175,1,1,0.042169,0.957831,true,3.535938,239.376354,242.912292,367,121,461,236
003961,1,1,0.032592,0.967408,true,3.494843,233.503229,236.998072,368,103,468,203
002381,0,0,0.997387,0.002613,true,3.515208,240.468281,243.983489,294,211,350,259
004242,1,0,0.513357,0.486643,false,3.515937,222.239792,225.755729,107,130,541,458
004096,0,0,0.306666,0.693334,true,3.645156,219.667032,223.312188,364,164,539,265
004587,1,1,0.012087,0.987913,true,3.558385,227.884688,231.443073,196,170,489,356
004481,1,1,0.021392,0.978608,true,3.776093,235.038854,238.814947,87,151,167,226
002690,1,1,0.210407,0.789593,true,3.577240,230.635312,234.212552,203,112,269,165
003826,1,1,0.015163,0.984837,true,2.271093,225.876041,228.147134,247,155,389,317
002683,1,1,0.010100,0.989900,true,3.493282,232.009531,235.502813,261,73,522,300
004365,1,1,0.013830,0.986170,true,3.658125,231.327187,234.985312,402,138,678,358
003284,1,1,0.023234,0.976766,true,3.754531,230.070156,233.824687,373,113,480,230
002707,1,1,0.022864,0.977136,true,3.825000,225.377864,229.202864,226,104,289,171
001336,1,1,0.200711,0.799289,true,3.523229,232.796146,236.319375,300,238,397,321
000240,1,1,0.067298,0.932702,true,3.564375,232.037188,235.601563,311,96,424,220
003827,1,1,0.036774,0.963226,true,3.510469,231.602813,235.113282,215,180,325,270
004345,1,1,0.022275,0.977725,true,3.630157,230.409010,234.039167,260,255,299,332
003573,0,0,0.942429,0.057571,true,3.812084,218.896771,222.708855,215,284,263,367
004812,1,1,0.015875,0.984125,true,3.614063,225.504167,229.118230,243,261,393,382
004750,1,1,0.022728,0.977272,true,3.646146,236.377812,240.023958,175,106,293,254
003621,1,1,0.035926,0.964074,true,3.692604,232.631042,236.323646,301,83,438,170
003992,1,1,0.030190,0.969810,true,3.505313,223.135468,226.640781,95,129,173,195
001314,1,1,0.052000,0.948000,true,3.353750,231.560521,234.914271,333,216,502,295
001001,1,1,0.013482,0.986519,true,3.747500,232.181875,235.929375,326,98,416,202
000652,0,0,0.980177,0.019823,true,3.536719,236.130000,239.666719,311,170,454,279
003257,1,1,0.065411,0.934589,true,3.658386,222.869896,226.528282,338,127,523,251
003814,1,1,0.020582,0.979418,true,8.330365,228.621302,236.951667,253,53,695,341
000807,1,1,0.012327,0.987673,true,3.637812,230.967395,234.605207,204,115,374,257
004543,1,1,0.038412,0.961588,true,3.623073,235.472084,239.095157,156,167,444,423
002238,1,1,0.026618,0.973382,true,3.613750,228.496406,232.110156,266,88,398,190
004333,1,1,0.144233,0.855767,true,3.655312,225.838907,229.494219,177,123,413,272
004496,1,1,0.007743,0.992257,true,3.493593,234.594947,238.088540,384,144,469,238
000011,0,0,0.996257,0.003743,true,3.454010,230.967708,234.421718,340,140,483,208
002682,1,1,0.011948,0.988052,true,3.432968,232.940781,236.373749,250,98,449,338
000651,0,0,0.997631,0.002369,true,3.551406,227.069271,230.620677,321,236,476,328
001043,1,1,0.043413,0.956587,true,3.612605,232.442656,236.055261,341,217,446,328
001243,1,1,0.014191,0.985809,true,3.558802,232.034895,235.593697,372,125,448,195
002788,1,1,0.012338,0.987662,true,3.405208,230.231406,233.636614,252,40,356,149
002606,0,0,0.891703,0.108297,true,3.720157,221.692812,225.412969,451,231,615,325
003469,0,0,0.999912,0.000088,true,3.521250,225.473281,228.994531,384,127,441,163
004906,1,1,0.048332,0.951668,true,3.515260,236.049062,239.564322,240,163,346,285
002196,1,1,0.014460,0.985540,true,3.784375,236.011093,239.795468,366,80,440,147
001719,1,1,0.019311,0.980689,true,3.417187,230.744791,234.161978,220,97,542,377
000212,0,0,0.546419,0.453581,true,3.780312,224.065312,227.845624,110,82,424,357
000607,0,1,0.037117,0.962883,false,3.882188,237.284271,241.166459,316,86,361,142
004394,1,0,0.576740,0.423260,false,3.534583,228.658333,232.192916,435,168,509,246
000776,1,0,0.976746,0.023254,false,3.668959,229.578906,233.247865,414,72,553,186
000743,1,0,0.768848,0.231152,false,3.437187,225.541249,228.978436,224,105,319,184
002368,0,0,0.997023,0.002977,true,4.068594,224.853437,228.922031,306,82,403,177
003960,1,1,0.024745,0.975255,true,3.818281,233.441406,237.259687,299,95,420,203
001407,1,1,0.006056,0.993944,true,3.703073,233.764844,237.467917,299,93,462,256
004533,1,1,0.020803,0.979197,true,3.667656,233.605157,237.272813,133,217,284,379
001161,1,1,0.008727,0.991273,true,3.535730,216.844687,220.380417,324,186,432,321
000635,0,1,0.070941,0.929059,false,5.918125,240.259063,246.177188,276,72,386,183
